date,fecr_output_t,energy_mwh,kwh_per_tonne,cr_recovery_pct,active_furnaces
2023-01-01,83.21,4298.1,51.66,87.13,2
2023-01-02,79.87,4126.0,51.66,87.15,2
2023-01-03,80.73,4125.3,51.1,87.84,2
2023-01-04,81.65,4106.7,50.3,88.03,2
2023-01-05,79.7,3999.7,50.18,88.23,2
2023-01-06,78.67,3925.0,49.89,88.26,2
2023-01-07,81.5,4009.1,49.19,88.35,2
2023-01-08,81.5,4118.6,50.53,88.58,2
2023-01-09,79.46,4092.6,51.51,88.27,2
2023-01-10,78.93,4098.2,51.92,88.54,2
2023-01-11,80.13,4084.7,50.98,88.07,2
2023-01-12,81.06,4158.0,51.3,88.2,2
2023-01-13,81.18,4175.4,51.43,88.27,2
2023-01-14,84.65,4352.6,51.42,88.08,2
2023-01-15,84.98,4412.5,51.92,88.11,2
2023-01-16,81.68,4244.1,51.96,87.95,2
2023-01-17,82.03,4270.5,52.06,87.67,2
2023-01-18,81.08,4222.5,52.08,87.66,2
2023-01-19,82.02,4257.5,51.91,87.42,2
2023-01-20,81.95,4131.8,50.42,87.67,2
2023-01-21,84.11,4233.4,50.33,87.41,2
2023-01-22,83.49,4162.5,49.86,87.79,2
2023-01-23,82.44,4038.9,48.99,87.51,2
2023-01-24,82.23,4122.5,50.13,87.47,2
2023-01-25,81.8,4182.7,51.13,87.42,2
2023-01-26,81.52,4218.3,51.75,87.99,2
2023-01-27,82.12,4235.1,51.57,88.16,2
2023-01-28,84.82,4420.5,52.11,88.14,2
2023-01-29,85.18,4406.3,51.73,88.35,2
2023-01-30,83.17,4285.0,51.52,87.7,2
2023-01-31,85.07,4298.6,50.53,87.81,2
2023-02-01,84.28,4266.8,50.63,88.54,2
2023-02-02,83.52,4217.1,50.49,88.58,2
2023-02-03,82.58,4089.6,49.52,88.59,2
2023-02-04,85.49,4230.6,49.49,88.75,2
2023-02-05,86.46,4274.6,49.44,88.99,2
2023-02-06,83.78,4237.7,50.58,88.29,2
2023-02-07,82.8,4221.6,50.99,87.79,2
2023-02-08,81.98,4162.4,50.77,87.96,2
2023-02-09,82.7,4195.8,50.74,87.82,2
2023-02-10,83.39,4218.0,50.58,88.34,2
2023-02-11,86.14,4331.9,50.29,88.27,2
2023-02-12,85.34,4223.2,49.49,87.69,2
2023-02-13,83.18,4108.4,49.39,87.41,2
2023-02-14,83.22,4072.6,48.94,86.71,2
2023-02-15,83.36,4020.4,48.23,86.9,2
2023-02-16,84.09,4099.2,48.75,87.08,2
2023-02-17,84.11,4130.2,49.11,87.16,2
2023-02-18,86.9,4174.0,48.04,87.7,2
2023-02-19,86.7,4176.8,48.18,88.2,2
2023-02-20,84.4,4136.1,49.01,88.18,2
2023-02-21,84.76,4216.9,49.75,87.55,2
2023-02-22,83.09,4184.6,50.36,87.88,2
2023-02-23,82.75,4158.8,50.26,88.15,2
2023-02-24,82.32,4083.8,49.61,88.29,2
2023-02-25,84.14,4114.8,48.91,88.62,2
2023-02-26,84.03,4135.7,49.21,88.22,2
2023-02-27,83.29,4122.4,49.5,88.89,2
2023-02-28,82.4,4145.8,50.31,88.51,2
2023-03-01,83.39,4243.3,50.88,88.73,2
2023-03-02,81.72,4134.2,50.59,88.15,2
2023-03-03,89.18,4427.0,49.64,87.89,2
2023-03-04,84.26,4163.9,49.42,88.44,2
2023-03-05,84.95,4211.0,49.57,88.34,2
2023-03-06,83.32,4118.6,49.43,88.61,2
2023-03-07,84.0,4122.4,49.08,88.64,2
2023-03-08,83.49,4116.2,49.3,88.55,2
2023-03-09,82.95,4065.6,49.01,88.95,2
2023-03-10,83.74,4077.3,48.69,88.77,2
2023-03-11,85.76,4202.7,49.01,88.13,2
2023-03-12,84.45,4123.5,48.83,87.9,2
2023-03-13,81.13,3982.2,49.08,88.12,2
2023-03-14,80.5,3970.2,49.32,88.26,2
2023-03-15,81.31,3953.5,48.62,87.75,2
2023-03-16,81.65,3956.1,48.45,87.59,2
2023-03-17,82.46,4083.2,49.52,87.49,2
2023-03-18,84.43,4118.3,48.78,87.48,2
2023-03-19,84.66,4025.5,47.55,87.14,2
2023-03-20,82.95,3871.1,46.67,87.09,2
2023-03-21,82.61,3891.5,47.11,87.01,2
2023-03-22,83.03,3942.9,47.49,87.41,2
2023-03-23,82.33,3928.3,47.71,87.77,2
2023-03-24,82.01,3997.9,48.75,87.76,2
2023-03-25,84.06,3965.2,47.17,87.68,2
2023-03-26,83.03,3966.5,47.77,87.77,2
2023-03-27,81.41,3990.5,49.02,87.55,2
2023-03-28,81.11,3923.7,48.38,87.25,2
2023-03-29,81.3,3927.4,48.31,87.06,2
2023-03-30,81.91,3932.3,48.01,86.99,2
2023-03-31,82.38,3926.9,47.67,86.76,2
2023-04-01,85.33,4073.2,47.74,86.98,2
2023-04-02,85.11,4162.3,48.9,87.35,2
2023-04-03,82.28,4126.5,50.15,86.92,2
2023-04-04,82.17,4095.8,49.84,87.07,2
2023-04-05,80.55,4108.0,51.0,87.12,2
2023-04-06,79.4,4033.1,50.79,87.33,2
2023-04-07,78.53,4060.7,51.71,87.39,2
2023-04-08,80.43,4127.6,51.32,86.99,2
2023-04-09,81.38,4160.7,51.13,86.71,2
2023-04-10,78.6,4017.4,51.12,86.88,2
2023-04-11,78.71,4162.5,52.88,87.33,2
2023-04-12,80.4,4254.0,52.91,86.69,2
2023-04-13,80.25,4169.2,51.95,86.95,2
2023-04-14,81.15,4236.1,52.2,87.44,2
2023-04-15,82.67,4262.8,51.57,87.43,2
2023-04-16,82.65,4210.7,50.95,87.63,2
2023-04-17,79.58,4082.8,51.3,87.41,2
2023-04-18,79.53,4060.3,51.05,87.41,2
2023-04-19,80.6,4110.3,51.0,86.93,2
2023-04-20,79.07,4014.9,50.78,86.29,2
2023-04-21,79.8,4054.0,50.8,86.79,2
2023-04-22,82.57,4200.8,50.87,86.6,2
2023-04-23,82.14,4061.3,49.44,86.6,2
2023-04-24,78.62,3920.9,49.87,86.31,2
2023-04-25,79.04,3888.5,49.2,86.05,2
2023-04-26,78.82,3809.4,48.33,86.22,2
2023-04-27,79.35,3845.9,48.47,86.19,2
2023-04-28,79.59,3874.0,48.68,86.51,2
2023-04-29,83.62,4043.9,48.36,86.81,2
2023-04-30,83.3,4086.5,49.06,87.01,2
2023-05-01,79.94,3859.0,48.28,87.16,2
2023-05-02,80.2,3865.7,48.2,87.72,2
2023-05-03,80.45,3863.7,48.03,87.35,2
2023-05-04,81.73,3940.9,48.22,87.35,2
2023-05-05,82.31,3999.4,48.59,87.73,2
2023-05-06,84.69,4072.3,48.09,88.1,2
2023-05-07,85.75,4181.1,48.76,87.56,2
2023-05-08,81.8,4000.4,48.91,87.45,2
2023-05-09,80.93,3868.5,47.8,87.88,2
2023-05-10,79.91,3741.3,46.82,87.98,2
2023-05-11,87.71,4140.8,47.21,87.97,2
2023-05-12,78.29,3712.1,47.42,87.83,2
2023-05-13,81.46,3882.4,47.66,87.66,2
2023-05-14,81.34,3897.7,47.92,87.72,2
2023-05-15,77.7,3752.9,48.3,87.61,2
2023-05-16,77.02,3780.0,49.08,87.58,2
2023-05-17,77.69,3763.3,48.44,87.59,2
2023-05-18,78.75,3768.6,47.86,87.37,2
2023-05-19,80.73,3827.8,47.41,87.56,2
2023-05-20,85.62,4101.9,47.91,88.47,2
2023-05-21,85.4,4179.2,48.93,87.77,2
2023-05-22,81.54,3974.7,48.75,87.83,2
2023-05-23,79.15,3741.9,47.28,87.55,2
2023-05-24,79.38,3693.9,46.53,87.73,2
2023-05-25,78.54,3648.5,46.45,87.72,2
2023-05-26,78.2,3640.6,46.56,87.94,2
2023-05-27,80.04,3741.3,46.74,88.25,2
2023-05-28,80.06,3777.2,47.18,88.21,2
2023-05-29,78.87,3733.0,47.33,88.48,2
2023-05-30,78.97,3816.0,48.32,87.61,2
2023-05-31,78.75,3785.5,48.07,88.11,2
2023-06-01,77.72,3710.3,47.74,88.16,2
2023-06-02,76.23,3682.2,48.31,88.42,2
2023-06-03,78.42,3725.8,47.51,87.92,2
2023-06-04,78.68,3781.4,48.06,87.62,2
2023-06-05,78.29,3784.5,48.34,87.67,2
2023-06-06,78.38,3795.2,48.42,87.67,2
2023-06-07,72.87,3613.3,49.59,87.77,2
2023-06-08,72.25,3553.3,49.18,88.1,2
2023-06-09,71.12,3593.6,50.53,87.49,2
2023-06-10,72.49,3641.3,50.23,87.84,2
2023-06-11,78.33,3863.1,49.32,87.83,2
2023-06-12,78.26,3865.1,49.39,87.76,2
2023-06-13,77.38,3770.2,48.72,87.3,2
2023-06-14,78.19,3781.9,48.37,87.54,2
2023-06-15,77.22,3767.5,48.79,86.82,2
2023-06-16,78.13,3847.5,49.24,87.18,2
2023-06-17,80.71,3945.9,48.89,86.81,2
2023-06-18,80.39,3987.9,49.61,86.99,2
2023-06-19,77.88,3919.1,50.32,87.09,2
2023-06-20,77.14,3942.6,51.11,87.58,2
2023-06-21,77.55,3970.6,51.2,87.58,2
2023-06-22,77.03,3990.9,51.81,87.42,2
2023-06-23,75.85,3813.3,50.27,87.34,2
2023-06-24,77.13,3853.1,49.96,87.84,2
2023-06-25,77.59,3828.4,49.34,88.04,2
2023-06-26,76.97,3805.3,49.44,87.91,2
2023-06-27,77.08,3783.4,49.09,87.86,2
2023-06-28,76.89,3771.1,49.04,87.39,2
2023-06-29,77.11,3878.8,50.3,87.62,2
2023-06-30,78.25,3918.5,50.07,87.14,2
2023-07-01,80.53,4046.5,50.25,87.52,2
2023-07-02,79.86,3992.5,49.99,87.65,2
2023-07-03,78.39,3916.8,49.96,88.48,2
2023-07-04,78.48,3915.9,49.9,88.09,2
2023-07-05,79.59,3989.3,50.12,88.07,2
2023-07-06,79.25,4023.0,50.77,88.66,2
2023-07-07,77.61,4006.1,51.62,88.97,2
2023-07-08,78.42,4038.2,51.5,88.64,2
2023-07-09,79.97,4123.9,51.57,88.65,2
2023-07-10,79.01,3992.4,50.53,88.59,2
2023-07-11,78.37,3943.6,50.32,88.64,2
2023-07-12,77.63,3942.8,50.79,88.36,2
2023-07-13,78.74,4027.0,51.15,88.33,2
2023-07-14,77.24,3941.5,51.03,87.82,2
2023-07-15,78.5,4031.8,51.36,87.94,2
2023-07-16,79.03,4061.6,51.39,88.14,2
2023-07-17,76.15,3949.9,51.87,88.11,2
2023-07-18,76.06,3931.9,51.7,87.64,2
2023-07-19,75.82,3877.7,51.14,88.06,2
2023-07-20,76.09,3888.8,51.11,88.23,2
2023-07-21,77.33,3790.1,49.01,88.02,2
2023-07-22,79.46,3919.8,49.33,87.99,2
2023-07-23,79.81,3754.9,47.05,87.59,2
2023-07-24,75.2,3483.9,46.33,87.39,2
2023-07-25,75.17,3539.6,47.09,87.38,2
2023-07-26,74.38,3551.9,47.75,87.93,2
2023-07-27,73.35,3468.0,47.28,87.81,2
2023-07-28,72.79,3433.1,47.16,88.11,2
2023-07-29,75.17,3636.7,48.38,87.99,2
2023-07-30,76.38,3684.9,48.24,88.15,2
2023-07-31,72.94,3636.1,49.85,88.15,2
2023-08-01,73.29,3649.6,49.79,88.48,2
2023-08-02,73.1,3655.4,50.01,88.31,2
2023-08-03,73.07,3723.4,50.95,87.84,2
2023-08-04,74.31,3776.5,50.82,87.51,2
2023-08-05,77.26,3862.1,49.99,87.49,2
2023-08-06,78.53,3914.6,49.84,87.25,2
2023-08-07,75.86,3775.6,49.77,87.57,2
2023-08-08,75.06,3667.9,48.87,87.56,2
2023-08-09,74.82,3651.3,48.8,88.45,2
2023-08-10,75.06,3635.6,48.44,87.91,2
2023-08-11,75.2,3698.3,49.18,88.07,2
2023-08-12,76.46,3765.6,49.25,87.78,2
2023-08-13,76.65,3764.3,49.11,87.73,2
2023-08-14,74.61,3663.2,49.1,87.89,2
2023-08-15,77.03,3797.5,49.3,87.25,2
2023-08-16,78.47,3901.8,49.72,87.51,2
2023-08-17,77.11,3782.9,49.06,88.26,2
2023-08-18,76.49,3707.2,48.46,88.15,2
2023-08-19,77.19,3807.0,49.32,88.28,2
2023-08-20,76.62,3761.0,49.08,88.63,2
2023-08-21,74.66,3602.4,48.25,88.55,2
2023-08-22,75.82,3694.0,48.72,88.36,2
2023-08-23,74.98,3683.5,49.13,87.65,2
2023-08-24,74.33,3583.9,48.22,87.97,2
2023-08-25,72.36,3513.6,48.55,88.0,2
2023-08-26,74.92,3682.9,49.16,87.75,2
2023-08-27,74.24,3671.3,49.45,87.89,2
2023-08-28,71.84,3581.6,49.86,87.78,2
2023-08-29,71.46,3495.3,48.91,87.7,2
2023-08-30,71.87,3537.1,49.21,87.99,2
2023-08-31,70.65,3466.5,49.06,87.63,2
2023-09-01,69.89,3412.5,48.82,88.07,2
2023-09-02,86.31,4270.4,49.48,87.66,2
2023-09-03,85.29,4300.0,50.41,87.55,2
2023-09-04,81.95,4212.9,51.41,88.27,2
2023-09-05,73.51,3819.1,51.96,88.63,2
2023-09-06,76.48,3940.0,51.52,88.61,2
2023-09-07,75.14,3865.1,51.44,88.26,2
2023-09-08,74.77,3860.5,51.63,88.09,2
2023-09-09,77.47,3981.2,51.39,88.14,2
2023-09-10,79.1,4048.8,51.19,88.16,2
2023-09-11,75.57,3888.4,51.46,88.14,2
2023-09-12,75.26,3847.9,51.13,88.13,2
2023-09-13,75.98,3831.0,50.42,88.07,2
2023-09-14,76.27,3815.0,50.02,87.63,2
2023-09-15,75.75,3813.5,50.34,87.54,2
2023-09-16,77.88,3911.2,50.22,87.91,2
2023-09-17,76.54,3851.8,50.33,87.51,2
2023-09-18,74.14,3753.1,50.63,87.53,2
2023-09-19,74.06,3719.3,50.22,87.35,2
2023-09-20,74.48,3767.8,50.59,87.49,2
2023-09-21,74.09,3753.8,50.67,87.45,2
2023-09-22,74.74,3715.3,49.71,88.0,2
2023-09-23,78.15,3953.7,50.59,88.16,2
2023-09-24,78.26,3921.5,50.11,87.72,2
2023-09-25,76.2,3731.6,48.97,87.96,2
2023-09-26,76.16,3685.5,48.39,87.72,2
2023-09-27,76.09,3645.4,47.91,87.56,2
2023-09-28,75.35,3630.4,48.18,87.71,2
2023-09-29,75.71,3649.7,48.21,87.58,2
2023-09-30,77.97,3757.3,48.19,87.91,2
2023-10-01,79.99,3901.6,48.78,87.65,2
2023-10-02,78.88,3873.0,49.1,87.49,2
2023-10-03,78.81,3890.0,49.36,87.33,2
2023-10-04,77.67,3855.3,49.64,87.22,2
2023-10-05,76.37,3819.2,50.01,87.65,2
2023-10-06,77.46,3764.7,48.6,87.87,2
2023-10-07,79.86,3873.6,48.5,88.39,2
2023-10-08,80.12,3787.9,47.28,89.01,2
2023-10-09,75.91,3615.6,47.63,88.49,2
2023-10-10,76.85,3682.0,47.91,88.39,2
2023-10-11,77.22,3769.0,48.81,87.92,2
2023-10-12,76.06,3777.2,49.66,87.64,2
2023-10-13,75.68,3766.5,49.77,87.44,2
2023-10-14,78.41,3874.4,49.41,87.14,2
2023-10-15,78.55,3906.4,49.73,86.88,2
2023-10-16,76.01,3752.2,49.36,86.95,2
2023-10-17,76.03,3754.7,49.38,86.66,2
2023-10-18,75.92,3797.8,50.02,87.07,2
2023-10-19,76.22,3779.8,49.59,86.86,2
2023-10-20,77.73,3893.4,50.09,87.85,2
2023-10-21,77.54,3910.1,50.43,87.67,2
2023-10-22,77.61,3855.9,49.68,87.68,2
2023-10-23,75.73,3807.0,50.27,87.25,2
2023-10-24,76.24,3857.7,50.6,87.83,2
2023-10-25,76.06,3840.7,50.5,88.14,2
2023-10-26,74.6,3719.9,49.87,88.14,2
2023-10-27,75.34,3712.1,49.27,87.62,2
2023-10-28,79.66,3900.3,48.96,87.67,2
2023-10-29,78.25,3864.7,49.39,87.3,2
2023-10-30,77.01,3757.9,48.8,87.79,2
2023-10-31,76.81,3777.9,49.18,88.0,2
2023-11-01,76.92,3726.2,48.44,87.96,2
2023-11-02,76.08,3687.6,48.47,87.12,2
2023-11-03,76.05,3703.5,48.7,86.86,2
2023-11-04,79.94,4025.8,50.36,87.17,2
2023-11-05,80.58,3977.6,49.36,87.6,2
2023-11-06,79.89,4019.4,50.31,87.94,2
2023-11-07,80.77,4061.8,50.29,87.37,2
2023-11-08,80.84,4076.6,50.43,87.48,2
2023-11-09,82.14,4137.1,50.36,87.8,2
2023-11-10,82.03,4143.7,50.52,87.23,2
2023-11-11,84.65,4255.0,50.27,87.27,2
2023-11-12,83.84,4281.5,51.07,87.39,2
2023-11-13,81.16,4102.3,50.55,87.31,2
2023-11-14,80.16,4096.7,51.11,86.76,2
2023-11-15,80.93,4083.4,50.46,86.77,2
2023-11-16,79.53,3998.6,50.28,86.78,2
2023-11-17,80.22,3969.4,49.48,86.84,2
2023-11-18,82.23,4093.0,49.77,86.77,2
2023-11-19,83.26,4216.7,50.64,86.74,2
2023-11-20,81.41,4104.9,50.42,86.85,2
2023-11-21,82.85,4155.7,50.16,87.09,2
2023-11-22,83.05,4099.2,49.36,87.07,2
2023-11-23,81.05,3990.5,49.23,87.01,2
2023-11-24,80.79,3899.6,48.27,87.13,2
2023-11-25,81.88,3919.9,47.87,86.59,2
2023-11-26,81.44,3930.6,48.26,86.89,2
2023-11-27,80.67,3975.6,49.28,87.0,2
2023-11-28,81.19,4147.9,51.09,87.11,2
2023-11-29,80.37,4057.2,50.48,87.49,2
2023-11-30,79.39,4068.1,51.24,86.9,2
2023-12-01,79.56,4068.4,51.13,86.39,2
2023-12-02,80.88,4108.1,50.79,86.67,2
2023-12-03,80.54,4097.1,50.87,86.82,2
2023-12-04,78.85,3998.1,50.71,87.01,2
2023-12-05,80.22,4058.6,50.59,86.97,2
2023-12-06,80.87,4057.6,50.17,87.29,2
2023-12-07,78.69,3870.8,49.19,87.66,2
2023-12-08,79.31,3827.6,48.26,87.83,2
2023-12-09,81.97,4005.1,48.86,87.74,2
2023-12-10,82.58,4028.3,48.78,87.08,2
2023-12-11,81.91,3973.5,48.51,87.44,2
2023-12-12,79.85,3886.0,48.66,87.88,2
2023-12-13,79.51,3919.3,49.29,88.08,2
2023-12-14,80.35,3972.5,49.44,87.77,2
2023-12-15,79.02,3874.6,49.03,88.0,2
2023-12-16,83.14,4146.8,49.88,88.26,2
2023-12-17,83.61,4249.1,50.82,88.7,2
2023-12-18,82.14,4183.7,50.93,88.31,2
2023-12-19,81.54,4186.1,51.33,88.19,2
2023-12-20,82.36,4270.1,51.84,88.39,2
2023-12-21,83.31,4349.5,52.21,88.35,2
2023-12-22,83.34,4349.3,52.19,87.94,2
2023-12-23,85.71,4471.1,52.16,88.09,2
2023-12-24,85.79,4468.8,52.09,88.26,2
2023-12-25,82.44,4205.5,51.01,88.26,2
2023-12-26,82.28,4215.1,51.23,88.3,2
2023-12-27,82.15,4116.7,50.11,88.19,2
2023-12-28,82.56,4088.1,49.52,88.65,2
2023-12-29,83.5,4203.4,50.34,88.29,2
2023-12-30,84.7,4298.1,50.74,88.08,2
2023-12-31,84.63,4358.1,51.5,88.1,2
2024-01-01,83.76,4273.8,51.03,88.39,2
2024-01-02,82.91,4151.1,50.07,87.89,2
2024-01-03,82.12,4092.2,49.83,87.52,2
2024-01-04,82.43,4109.0,49.85,86.98,2
2024-01-05,83.32,4152.9,49.84,87.18,2
2024-01-06,85.63,4325.1,50.51,86.99,2
2024-01-07,86.86,4354.5,50.13,87.06,2
2024-01-08,85.14,4278.7,50.26,87.46,2
2024-01-09,85.65,4241.3,49.52,87.38,2
2024-01-10,85.82,4274.1,49.8,87.6,2
2024-01-11,87.66,4361.8,49.76,87.61,2
2024-01-12,86.83,4276.0,49.25,87.94,2
2024-01-13,86.77,4263.3,49.13,88.15,2
2024-01-14,88.16,4326.1,49.07,87.97,2
2024-01-15,85.05,4164.5,48.97,87.98,2
2024-01-16,84.94,4261.1,50.17,88.37,2
2024-01-17,86.0,4300.1,50.0,88.5,2
2024-01-18,84.14,4188.0,49.77,88.05,2
2024-01-19,82.9,4013.1,48.41,88.31,2
2024-01-20,83.87,4026.1,48.01,87.99,2
2024-01-21,83.47,4011.9,48.06,88.5,2
2024-01-22,81.97,3922.0,47.85,88.82,2
2024-01-23,82.77,4053.1,48.97,88.86,2
2024-01-24,83.23,4073.3,48.94,88.85,2
2024-01-25,82.02,4087.7,49.84,88.73,2
2024-01-26,80.14,3993.4,49.83,88.91,2
2024-01-27,83.14,4140.6,49.8,88.73,2
2024-01-28,83.2,4135.4,49.7,88.77,2
2024-01-29,81.81,4063.8,49.67,89.0,2
2024-01-30,82.85,4203.2,50.73,88.75,2
2024-01-31,83.2,4083.8,49.08,88.52,2
2024-02-01,84.1,4026.6,47.88,88.14,2
2024-02-02,84.36,4030.8,47.78,87.86,2
2024-02-03,87.22,4190.4,48.05,87.38,2
2024-02-04,86.49,4212.0,48.7,87.78,2
2024-02-05,84.03,4127.6,49.12,88.46,2
2024-02-06,84.29,4124.8,48.93,88.92,2
2024-02-07,85.11,4226.9,49.66,88.34,2
2024-02-08,84.66,4257.5,50.29,88.6,2
2024-02-09,85.15,4281.8,50.29,89.03,2
2024-02-10,87.16,4425.8,50.78,88.81,2
2024-02-11,87.02,4417.2,50.76,88.79,2
2024-02-12,85.47,4291.9,50.22,88.11,2
2024-02-13,83.47,4219.2,50.55,88.25,2
2024-02-14,82.43,4159.4,50.46,87.95,2
2024-02-15,81.37,4094.3,50.32,88.09,2
2024-02-16,79.67,4073.0,51.13,87.66,2
2024-02-17,82.13,4051.7,49.33,87.95,2
2024-02-18,83.59,4051.0,48.46,88.35,2
2024-02-19,81.51,3901.9,47.87,88.12,2
2024-02-20,82.2,3935.8,47.88,87.81,2
2024-02-21,83.62,4011.0,47.96,87.22,2
2024-02-22,85.07,4018.7,47.24,87.31,2
2024-02-23,84.97,3989.9,46.96,87.29,2
2024-02-24,88.57,4144.8,46.79,86.97,2
2024-02-25,88.45,4312.5,48.75,87.32,2
2024-02-26,85.13,4257.0,50.0,87.34,2
2024-02-27,84.53,4198.4,49.67,87.15,2
2024-02-28,83.17,4110.0,49.41,87.16,2
2024-02-29,82.59,4022.0,48.7,87.67,2
2024-03-01,82.59,3932.3,47.61,87.96,2
2024-03-02,86.03,4114.2,47.82,87.97,2
2024-03-03,87.84,4167.3,47.44,88.21,2
2024-03-04,84.09,4010.9,47.7,87.86,2
2024-03-05,84.57,3971.4,46.96,87.93,2
2024-03-06,83.63,3918.5,46.86,88.02,2
2024-03-07,84.26,3989.3,47.35,87.91,2
2024-03-08,84.22,4034.1,47.9,88.09,2
2024-03-09,75.65,3662.0,48.41,87.86,2
2024-03-10,76.73,3662.9,47.73,88.07,2
2024-03-11,74.27,3605.1,48.54,88.26,2
2024-03-12,83.06,4001.7,48.18,87.32,2
2024-03-13,82.3,4014.2,48.78,87.82,2
2024-03-14,82.04,4010.0,48.88,86.9,2
2024-03-15,82.85,3985.0,48.1,86.88,2
2024-03-16,85.28,4103.0,48.11,87.39,2
2024-03-17,85.85,4168.1,48.55,87.39,2
2024-03-18,84.02,4123.8,49.08,87.02,2
2024-03-19,85.36,4187.4,49.05,86.83,2
2024-03-20,84.92,4253.6,50.09,87.33,2
2024-03-21,83.47,4226.5,50.64,86.82,2
2024-03-22,84.64,4257.6,50.3,87.35,2
2024-03-23,86.64,4389.1,50.66,87.42,2
2024-03-24,87.72,4535.9,51.71,87.12,2
2024-03-25,85.6,4504.1,52.62,87.06,2
2024-03-26,85.3,4382.0,51.37,86.86,2
2024-03-27,85.49,4317.7,50.51,87.29,2
2024-03-28,87.17,4471.0,51.29,87.61,2
2024-03-29,88.7,4466.7,50.36,87.1,2
2024-03-30,90.44,4467.0,49.39,87.08,2
2024-03-31,90.01,4419.6,49.1,86.92,2
2024-04-01,88.17,4357.7,49.43,87.46,2
2024-04-02,86.76,4283.6,49.37,87.08,2
2024-04-03,86.68,4245.4,48.98,87.69,2
2024-04-04,86.26,4194.9,48.63,87.69,2
2024-04-05,86.22,4165.3,48.31,87.33,2
2024-04-06,87.43,4190.8,47.93,87.17,2
2024-04-07,85.75,4253.9,49.61,87.0,2
2024-04-08,81.51,4057.7,49.78,86.7,2
2024-04-09,80.8,4064.1,50.3,86.88,2
2024-04-10,80.81,4029.9,49.87,86.61,2
2024-04-11,80.97,4023.8,49.7,86.07,2
2024-04-12,83.21,4095.3,49.22,86.19,2
2024-04-13,86.66,4123.5,47.58,85.83,2
2024-04-14,85.63,4024.7,47.0,85.86,2
2024-04-15,83.65,3867.4,46.23,85.84,2
2024-04-16,83.24,3770.6,45.3,85.82,2
2024-04-17,82.99,3749.0,45.17,86.72,2
2024-04-18,83.22,3883.0,46.66,86.87,2
2024-04-19,83.82,3944.2,47.06,87.05,2
2024-04-20,85.75,4136.4,48.24,86.56,2
2024-04-21,86.72,4222.3,48.69,86.5,2
2024-04-22,83.11,4097.6,49.31,86.73,2
2024-04-23,83.1,4052.5,48.76,86.52,2
2024-04-24,85.55,4209.6,49.21,86.96,2
2024-04-25,85.37,4243.7,49.71,86.66,2
2024-04-26,86.35,4258.4,49.31,86.7,2
2024-04-27,88.24,4385.4,49.7,86.64,2
2024-04-28,88.32,4418.2,50.02,86.82,2
2024-04-29,85.43,4237.2,49.6,86.72,2
2024-04-30,84.85,4146.7,48.87,86.75,2
2024-05-01,83.76,4038.9,48.22,86.78,2
2024-05-02,83.98,4070.0,48.47,86.66,2
2024-05-03,82.93,4049.5,48.83,86.94,2
2024-05-04,85.82,4155.9,48.43,87.09,2
2024-05-05,86.67,4212.4,48.61,87.13,2
2024-05-06,84.36,4141.9,49.1,87.04,2
2024-05-07,83.75,4150.0,49.55,87.36,2
2024-05-08,83.93,4240.5,50.52,87.31,2
2024-05-09,83.35,4265.6,51.18,87.24,2
2024-05-10,84.02,4225.8,50.29,87.31,2
2024-05-11,84.3,4319.5,51.24,87.88,2
2024-05-12,83.96,4251.8,50.64,87.4,2
2024-05-13,79.75,4077.5,51.13,87.66,2
2024-05-14,78.61,4003.8,50.93,87.04,2
2024-05-15,80.35,4054.1,50.45,87.18,2
2024-05-16,81.37,4001.1,49.17,87.73,2
2024-05-17,80.7,3963.2,49.11,87.86,2
2024-05-18,81.72,3937.3,48.18,87.86,2
2024-05-19,79.19,3879.8,48.99,87.64,2
2024-05-20,76.99,3851.7,50.03,87.64,2
2024-05-21,79.91,3951.1,49.44,87.55,2
2024-05-22,80.5,3996.2,49.64,87.3,2
2024-05-23,80.04,3935.2,49.16,87.26,2
2024-05-24,80.62,3935.5,48.82,87.37,2
2024-05-25,81.51,4027.5,49.41,87.17,2
2024-05-26,81.47,4024.7,49.4,86.98,2
2024-05-27,79.47,4014.0,50.51,86.65,2
2024-05-28,79.56,3982.5,50.06,86.92,2
2024-05-29,80.46,4071.7,50.6,87.21,2
2024-05-30,80.79,4080.1,50.5,87.35,2
2024-05-31,81.37,4138.1,50.85,87.71,2
2024-06-01,82.91,4175.8,50.37,87.73,2
2024-06-02,83.72,4203.0,50.21,87.86,2
2024-06-03,82.75,4139.5,50.03,87.94,2
2024-06-04,81.43,4024.5,49.42,87.88,2
2024-06-05,80.39,4007.4,49.85,87.69,2
2024-06-06,81.6,4096.8,50.21,88.41,2
2024-06-07,81.16,4097.0,50.48,88.17,2
2024-06-08,84.64,4342.2,51.3,87.91,2
2024-06-09,83.84,4355.5,51.95,88.04,2
2024-06-10,82.61,4241.7,51.34,88.09,2
2024-06-11,82.29,4221.9,51.3,87.61,2
2024-06-12,82.13,4159.0,50.64,88.01,2
2024-06-13,83.22,4201.2,50.48,87.96,2
2024-06-14,82.31,4111.9,49.96,87.6,2
2024-06-15,83.32,4241.9,50.91,88.03,2
2024-06-16,82.64,4208.9,50.93,88.22,2
2024-06-17,80.57,4075.1,50.58,87.78,2
2024-06-18,78.88,4036.1,51.17,88.37,2
2024-06-19,79.52,3939.8,49.55,88.53,2
2024-06-20,78.93,3809.9,48.27,88.45,2
2024-06-21,80.03,3917.8,48.96,88.89,2
2024-06-22,79.93,3922.6,49.08,88.82,2
2024-06-23,79.37,3912.9,49.3,88.7,2
2024-06-24,75.7,3670.5,48.49,88.4,2
2024-06-25,75.37,3664.8,48.63,88.54,2
2024-06-26,76.1,3806.6,50.02,88.63,2
2024-06-27,76.3,3850.7,50.47,88.56,2
2024-06-28,76.4,3852.6,50.43,88.25,2
2024-06-29,78.9,3945.9,50.01,88.29,2
2024-06-30,79.37,3943.6,49.69,88.25,2
2024-07-01,90.0,4348.3,48.31,87.82,3
2024-07-02,91.16,4435.0,48.65,87.42,3
2024-07-03,92.07,4540.6,49.31,87.72,3
2024-07-04,92.53,4473.7,48.35,86.98,3
2024-07-05,93.11,4478.6,48.1,87.24,3
2024-07-06,96.06,4570.3,47.58,87.25,3
2024-07-07,98.15,4638.3,47.26,87.82,3
2024-07-08,94.79,4514.5,47.63,87.74,3
2024-07-09,94.02,4380.4,46.59,88.04,3
2024-07-10,92.86,4402.9,47.42,87.96,3
2024-07-11,91.55,4413.2,48.2,88.06,3
2024-07-12,90.19,4351.0,48.24,88.34,3
2024-07-13,92.19,4320.1,46.86,88.2,3
2024-07-14,92.45,4310.6,46.63,88.54,3
2024-07-15,90.35,4322.2,47.84,88.21,3
2024-07-16,90.59,4197.1,46.33,88.33,3
2024-07-17,89.87,4186.9,46.59,88.64,3
2024-07-18,91.12,4216.8,46.28,88.82,3
2024-07-19,91.99,4348.4,47.27,89.37,3
2024-07-20,94.48,4457.4,47.18,88.99,3
2024-07-21,93.69,4476.7,47.78,88.48,3
2024-07-22,91.6,4433.0,48.4,88.16,3
2024-07-23,91.75,4562.3,49.72,88.42,3
2024-07-24,90.05,4463.0,49.56,88.58,3
2024-07-25,90.14,4488.0,49.79,88.6,3
2024-07-26,90.58,4421.0,48.81,88.23,3
2024-07-27,92.41,4589.4,49.66,88.51,3
2024-07-28,92.83,4563.4,49.16,88.12,3
2024-07-29,88.58,4327.7,48.86,88.55,3
2024-07-30,90.44,4425.8,48.94,89.45,3
2024-07-31,91.91,4414.8,48.03,89.42,3
2024-08-01,91.48,4427.4,48.4,89.47,3
2024-08-02,91.79,4514.0,49.18,89.17,3
2024-08-03,91.72,4531.7,49.41,88.5,3
2024-08-04,90.71,4391.8,48.42,88.31,3
2024-08-05,88.04,4270.4,48.5,87.99,3
2024-08-06,87.26,4286.1,49.12,87.61,3
2024-08-07,88.58,4251.0,47.99,88.29,3
2024-08-08,91.14,4332.5,47.54,88.41,3
2024-08-09,89.76,4343.1,48.39,88.54,3
2024-08-10,91.72,4469.2,48.72,88.44,3
2024-08-11,92.25,4529.4,49.1,88.39,3
2024-08-12,91.47,4604.1,50.34,88.71,3
2024-08-13,89.98,4544.5,50.51,88.66,3
2024-08-14,90.36,4587.6,50.77,88.8,3
2024-08-15,92.44,4833.9,52.29,88.69,3
2024-08-16,90.32,4673.1,51.74,88.55,3
2024-08-17,91.69,4667.1,50.9,88.09,3
2024-08-18,91.47,4661.4,50.96,87.51,3
2024-08-19,88.41,4510.7,51.02,87.57,3
2024-08-20,89.65,4523.7,50.46,87.71,3
2024-08-21,90.07,4472.9,49.66,87.41,3
2024-08-22,88.16,4504.9,51.1,87.55,3
2024-08-23,89.11,4550.3,51.06,87.69,3
2024-08-24,91.45,4606.1,50.37,87.11,3
2024-08-25,93.17,4734.4,50.82,87.01,3
2024-08-26,89.74,4536.3,50.55,87.34,3
2024-08-27,89.16,4478.8,50.23,87.61,3
2024-08-28,89.99,4542.6,50.48,87.35,3
2024-08-29,90.95,4503.2,49.51,87.55,3
2024-08-30,91.41,4546.3,49.74,87.98,3
2024-08-31,92.18,4692.7,50.91,88.27,3
2024-09-01,92.98,4741.0,50.99,88.24,3
2024-09-02,89.13,4504.1,50.53,88.09,3
2024-09-03,89.64,4487.1,50.06,87.91,3
2024-09-04,88.22,4385.6,49.71,88.11,3
2024-09-05,89.11,4412.5,49.52,88.18,3
2024-09-06,88.46,4359.2,49.28,88.38,3
2024-09-07,90.15,4497.5,49.89,88.39,3
2024-09-08,91.47,4457.9,48.74,88.61,3
2024-09-09,89.31,4411.5,49.4,88.57,3
2024-09-10,88.87,4369.7,49.17,88.75,3
2024-09-11,90.81,4491.2,49.46,88.93,3
2024-09-12,90.34,4404.5,48.75,88.55,3
2024-09-13,90.48,4497.5,49.7,87.9,3
2024-09-14,93.64,4725.0,50.46,88.41,3
2024-09-15,92.98,4734.9,50.92,88.43,3
2024-09-16,90.89,4521.9,49.75,87.83,3
2024-09-17,90.34,4538.5,50.24,87.63,3
2024-09-18,90.01,4535.2,50.38,87.92,3
2024-09-19,91.73,4516.4,49.24,87.84,3
2024-09-20,90.51,4458.4,49.26,87.69,3
2024-09-21,90.7,4492.1,49.53,88.17,3
2024-09-22,93.03,4639.6,49.87,87.8,3
2024-09-23,93.3,4658.5,49.93,87.56,3
2024-09-24,92.58,4633.7,50.05,87.67,3
2024-09-25,90.27,4594.4,50.9,87.82,3
2024-09-26,90.12,4638.2,51.46,87.98,3
2024-09-27,90.04,4444.1,49.36,88.24,3
2024-09-28,92.85,4566.0,49.18,88.24,3
2024-09-29,91.86,4512.3,49.12,88.33,3
2024-09-30,90.16,4334.2,48.07,88.16,3
2024-10-01,91.01,4400.1,48.35,88.12,3
2024-10-02,89.49,4412.5,49.31,88.09,3
2024-10-03,90.66,4410.4,48.65,88.11,3
2024-10-04,93.17,4564.6,48.99,88.29,3
2024-10-05,95.98,4653.8,48.49,88.38,3
2024-10-06,95.46,4602.5,48.21,88.29,3
2024-10-07,92.48,4563.2,49.34,87.94,3
2024-10-08,93.16,4566.8,49.02,87.91,3
2024-10-09,91.12,4499.9,49.39,87.86,3
2024-10-10,91.51,4412.8,48.22,87.89,3
2024-10-11,91.24,4524.6,49.59,88.55,3
2024-10-12,96.29,4810.1,49.96,88.24,3
2024-10-13,95.98,4777.0,49.77,88.27,3
2024-10-14,95.02,4760.3,50.1,88.51,3
2024-10-15,93.47,4590.9,49.12,88.4,3
2024-10-16,94.06,4695.3,49.92,89.01,3
2024-10-17,94.27,4680.5,49.65,88.67,3
2024-10-18,93.12,4609.8,49.5,88.61,3
2024-10-19,96.1,4727.2,49.19,88.19,3
2024-10-20,97.45,4762.4,48.87,87.98,3
2024-10-21,94.13,4650.5,49.4,87.99,3
2024-10-22,92.14,4568.4,49.58,88.19,3
2024-10-23,92.34,4614.9,49.98,88.19,3
2024-10-24,91.52,4567.1,49.9,88.48,3
2024-10-25,91.47,4588.7,50.17,88.31,3
2024-10-26,94.49,4705.9,49.8,88.08,3
2024-10-27,92.91,4753.8,51.17,88.85,3
2024-10-28,88.92,4439.2,49.92,88.77,3
2024-10-29,90.23,4571.0,50.66,88.35,3
2024-10-30,90.24,4633.7,51.35,88.0,3
2024-10-31,87.97,4445.5,50.53,87.63,3
2024-11-01,89.81,4650.9,51.79,87.9,3
2024-11-02,93.57,4872.5,52.07,87.72,3
2024-11-03,93.33,4881.3,52.3,87.73,3
2024-11-04,89.71,4655.6,51.9,87.67,3
2024-11-05,91.39,4697.8,51.4,87.88,3
2024-11-06,92.3,4705.7,50.98,87.55,3
2024-11-07,95.36,4863.9,51.01,87.21,3
2024-11-08,95.77,4948.4,51.67,87.32,3
2024-11-09,98.87,5087.5,51.46,87.54,3
2024-11-10,98.54,4985.1,50.59,87.64,3
2024-11-11,96.62,4922.6,50.95,87.37,3
2024-11-12,97.14,4984.3,51.31,87.61,3
2024-11-13,98.29,5057.4,51.45,87.36,3
2024-11-14,97.3,5023.8,51.63,87.22,3
2024-11-15,96.57,4938.7,51.14,86.97,3
2024-11-16,98.68,4964.2,50.31,87.47,3
2024-11-17,99.56,4941.7,49.64,87.69,3
2024-11-18,98.35,4778.0,48.58,87.86,3
2024-11-19,97.49,4764.5,48.87,88.22,3
2024-11-20,96.82,4735.6,48.91,89.01,3
2024-11-21,97.09,4730.3,48.72,88.26,3
2024-11-22,96.71,4542.3,46.97,87.94,3
2024-11-23,100.5,4679.2,46.56,87.7,3
2024-11-24,97.8,4666.1,47.71,87.42,3
2024-11-25,94.36,4487.5,47.56,87.12,3
2024-11-26,93.84,4511.8,48.08,87.11,3
2024-11-27,91.7,4347.6,47.41,86.81,3
2024-11-28,91.41,4445.7,48.63,87.05,3
2024-11-29,91.23,4440.6,48.67,87.17,3
2024-11-30,94.66,4636.3,48.98,87.41,3
2024-12-01,96.7,4886.4,50.53,87.62,3
2024-12-02,94.18,4834.6,51.33,87.83,3
2024-12-03,93.52,4756.7,50.86,87.71,3
2024-12-04,94.06,4729.6,50.28,88.39,3
2024-12-05,95.77,4784.7,49.96,88.38,3
2024-12-06,94.97,4768.9,50.21,87.71,3
2024-12-07,97.14,4861.1,50.04,87.41,3
2024-12-08,98.3,4886.4,49.71,86.93,3
2024-12-09,95.66,4841.1,50.61,87.08,3
2024-12-10,96.76,4873.4,50.37,87.17,3
2024-12-11,96.96,5011.9,51.69,87.13,3
2024-12-12,97.95,5036.4,51.42,87.89,3
2024-12-13,96.86,5061.8,52.26,88.07,3
2024-12-14,99.85,5199.4,52.07,88.29,3
2024-12-15,99.84,5221.1,52.3,87.95,3
2024-12-16,95.96,4933.9,51.42,87.64,3
2024-12-17,94.63,4787.4,50.59,87.71,3
2024-12-18,96.03,4870.5,50.72,87.82,3
2024-12-19,96.08,4915.3,51.16,87.27,3
2024-12-20,95.38,4858.2,50.94,87.33,3
2024-12-21,98.59,4920.6,49.91,87.45,3
2024-12-22,100.36,4916.5,48.99,87.48,3
2024-12-23,95.31,4590.1,48.16,87.32,3
2024-12-24,94.25,4452.6,47.24,87.28,3
2024-12-25,94.0,4479.2,47.65,87.35,3
2024-12-26,96.47,4692.2,48.64,87.51,3
2024-12-27,97.26,4742.5,48.76,87.8,3
2024-12-28,101.25,4803.7,47.44,88.21,3
2024-12-29,100.17,4771.4,47.63,88.12,3
2024-12-30,96.53,4615.1,47.81,87.99,3
2024-12-31,97.55,4817.7,49.39,88.17,3
